{"filePath":"C:/Users/vigso/OneDrive/Documents/P2---LearningApp/Assets/TaskInfo/Danse.json","taskName":"Danse","avgTimeDeviation":10.23680591583252,"avgPercentage":82.30441284179688,"timeDeviations":[73.01309967041016,5.5837249755859379,11.535533905029297,0.27059173583984377,8.30038070678711,0.8100781440734863,0.24257135391235352,1.6324818134307862,0.7709131240844727,0.20868301391601563],"percentages":[39.1557502746582,90.69379425048828,80.77410888671875,99.54901123046875,86.16603088378906,83.7984390258789,95.14857482910156,67.3503646850586,84.58174133300781,95.82633972167969]}