{
    "filePath": "/Users/marcelkress/Desktop/Unity Projects/Medialogi/P2---LearningApp/Assets/SaveData//TaskData/blob.json",
    "taskName": "blob",
    "avgTimeDeviation": 2.815312623977661,
    "avgPercentage": 59.84080505371094,
    "timeDeviations": [
        0.6802008152008057,
        2.5815188884735109,
        5.184218406677246
    ],
    "percentages": [
        82.99497985839844,
        48.36962127685547,
        48.15781784057617
    ],
    "secondsSpent": [
        3.3197991847991945,
        2.4184811115264894,
        4.815781593322754
    ],
    "secondsAimedFor": [
        4.0,
        5.0,
        10.0
    ]
}