{"filePath":"C:/Users/vigso/OneDrive/Documents/P2---LearningApp/Assets/SaveData//TaskData/Bobs.json","taskName":"Bobs","avgTimeDeviation":1.053524136543274,"avgPercentage":74.8235855102539,"timeDeviations":[0.9934935569763184,1.2432448863983155,0.9238340854644775],"percentages":[80.130126953125,75.13510131835938,69.20552825927735]}