{"filePath":"/Users/marcelkress/Desktop/Unity Projects/Medialogi/P2---LearningApp/Assets/SaveData//TaskData/Bobs.json","taskName":"Bobs","avgTimeDeviation":1.118369221687317,"avgPercentage":77.63261413574219,"timeDeviations":[0.9934935569763184,1.2432448863983155],"percentages":[80.130126953125,75.13510131835938]}