{"filePath":"/Users/marcelkress/Desktop/Unity Projects/Medialogi/P2---LearningApp/Assets/SaveData//TaskData/min.json","taskName":"min","avgTimeDeviation":36.31039810180664,"avgPercentage":52.3218994140625,"timeDeviations":[153.5224609375,0.24160027503967286,1.0978031158447266,2.4922661781311037,1.0774874687194825,0.8580172061920166,1.0749990940093995,0.14434456825256349,1.6981322765350342,0.575265645980835,2.9777941703796388,2.7175610065460207,0.03511524200439453,2.644688367843628,8.951223373413086,6.76723575592041,230.0434112548828,236.66773986816407],"percentages":[36.03230667114258,93.95999145507813,72.55492401123047,37.69334411621094,73.06281280517578,78.54956817626953,73.1250228881836,96.39138793945313,57.54669189453125,85.61836242675781,40.44411849975586,0.0,99.12211608886719,47.106231689453128,18.625242233276368,24.808490753173829,4.148578643798828,3.0050246715545656]}