{
    "filePath": "/Users/marcelkress/Desktop/Unity Projects/Medialogi/P2---LearningApp/Assets/SaveData//TaskData/testyuh.json",
    "taskName": "testyuh",
    "avgTimeDeviation": 0.8222721815109253,
    "avgPercentage": 76.77239227294922,
    "timeDeviations": [
        5.258648872375488,
        0.3641538619995117,
        0.3641538619995117,
        0.3641538619995117,
        0.3641538619995117,
        0.3641538619995117,
        0.3641538619995117,
        0.3641538619995117,
        0.3641538619995117,
        0.3641538619995117,
        0.3641538619995117,
        0.3641538619995117,
        0.3641538619995117,
        0.3641538619995117,
        0.3641538619995117,
        0.3641538619995117,
        0.3641538619995117,
        0.3641538619995117,
        0.8225985765457153,
        1.2771410942077637,
        3.7187113761901857
    ],
    "percentages": [
        24.87644386291504,
        87.86154174804688,
        87.86154174804688,
        87.86154174804688,
        87.86154174804688,
        87.86154174804688,
        87.86154174804688,
        87.86154174804688,
        87.86154174804688,
        87.86154174804688,
        87.86154174804688,
        87.86154174804688,
        87.86154174804688,
        87.86154174804688,
        87.86154174804688,
        87.86154174804688,
        87.86154174804688,
        87.86154174804688,
        0.0,
        68.07147216796875,
        25.62577247619629
    ],
    "secondsSpent": [
        1.7413512468338013,
        3.3641538619995119,
        3.3641538619995119,
        3.3641538619995119,
        3.3641538619995119,
        3.3641538619995119,
        3.3641538619995119,
        3.3641538619995119,
        3.3641538619995119,
        3.3641538619995119,
        3.3641538619995119,
        3.3641538619995119,
        3.3641538619995119,
        3.3641538619995119,
        3.3641538619995119,
        3.3641538619995119,
        3.3641538619995119,
        3.3641538619995119,
        0.8225985765457153,
        2.7228589057922365,
        1.2812886238098145
    ],
    "secondsAimedFor": [
        7.0,
        3.0,
        3.0,
        3.0,
        3.0,
        3.0,
        3.0,
        3.0,
        3.0,
        3.0,
        3.0,
        3.0,
        3.0,
        3.0,
        3.0,
        3.0,
        3.0,
        3.0,
        0.0,
        4.0,
        5.0
    ]
}